"japan_result","united_states_count","india_count","france_count","canada_count","mexico_count","null_count","south_korea_count","spain_count","united_kingdom_count"
"3.60994437507095016500","41.90032920876376433200","11.87421954818935179900","4.46134635032353275100","5.05165171983199001000","1.91849245090248609400","9.43353388579861505300","2.63367011011465546600","2.63367011011465546600","9.14973322738108752400"
