"japan_rating_percentage","rating"
"0.00628930817610062893","TV-G"
"0.31132075471698113208","TV-14"
"0.31761006289308176101","TV-MA"
"0.10062893081761006289","TV-Y7"
"0.00314465408805031447","G"
"0.03459119496855345912","PG"
"0.15723270440251572327","TV-PG"
"0.02830188679245283019","PG-13"
"0.02830188679245283019","R"
"0.00314465408805031447","NR"
"0.00943396226415094340","TV-Y"
